CREATE TABLE CUSTOMER (CUSTOMERID INT PRIMARY KEY, CUSTOMERNAME VARCHAR(100), CONTACTNO INT, ADDRESS VARCHAR(255), CITY VARCHAR(100), POSTALCODE VARCHAR(20),COUNTRY VARCHAR(100));

CREATE TABLE EMPLOYEES (EMPLOYEEID INT PRIMARY KEY, LASTNAME VARCHAR(100),FIRSTNAME VARCHAR(100),BIRTHDATE DATE);

CREATE TABLE ORDERS (ORDERID INT PRIMARY KEY, CUSTOMERID INT, EMPLOYEEID INT, ORDERDATE DATE, SHIPPERID INT, FOREIGN KEY (CUSTOMERID) REFERENCES CUSTOMER,FOREIGN KEY(EMPLOYEEID) REFERENCES EMPLOYEES);

INSERT INTO CUSTOMER VALUES (1, 'Acme Corp', 12345677890, '123 Elm St', 'Springfield', '62701', 'USA');
INSERT INTO CUSTOMER VALUES (2, 'Beta LLC', 0987654321, '456 Oak St', 'Riverside', '92501', 'USA');
INSERT INTO CUSTOMER VALUES (3, 'Gamma Inc', 6574883920, '789 Pine St', 'Greenville', '29601', 'USA');
INSERT INTO CUSTOMER VALUES (4, 'Delta Co', 2134567890, '321 Maple St', 'Lakeside', '60601', 'USA');
INSERT INTO CUSTOMER VALUES (5, 'Epsilon Ltd', 7689054321, '654 Cedar St', 'Hilltown', '30301', 'USA');
INSERT INTO CUSTOMER VALUES (6, 'Ed', 61592021, '654 Cedar St', 'Hilltown', '30532', 'Germany');
INSERT INTO CUSTOMER VALUES (7, 'staams', 0927381961, '659 Cedar St', 'Hilltown', '30932', 'Germany');

SELECT * FROM ORDERS;
drop table orders;

INSERT INTO EMPLOYEES VALUES (1, 'Smith', 'John', TO_DATE('15-06-1985', 'DD-MM-YYYY'));
INSERT INTO EMPLOYEES VALUES (2, 'Johnson', 'Emily', TO_DATE('22-07-1999', 'DD-MM-YYYY'));
INSERT INTO EMPLOYEES VALUES (3, 'Williams', 'Michael', TO_DATE('19-11-2005', 'DD-MM-YYYY'));
INSERT INTO EMPLOYEES VALUES (4, 'Jones', 'Sarah', TO_DATE('19-03-2000', 'DD-MM-YYYY'));
INSERT INTO EMPLOYEES VALUES (5, 'Brown', 'David', TO_DATE('19-09-1912', 'DD-MM-YYYY'));


INSERT INTO ORDERS VALUES (1, 1, 2, TO_DATE('19-09-2002', 'DD-MM-YYYY'), 100);
INSERT INTO ORDERS VALUES (2, 1, 3, TO_DATE('19-09-1912', 'DD-MM-YYYY'), 101);
INSERT INTO ORDERS VALUES (3, 2, 1, TO_DATE('19-07-1982', 'DD-MM-YYYY'), 102);
INSERT INTO ORDERS VALUES (4, 7, 5, TO_DATE('11-09-1900', 'DD-MM-YYYY'), 103);
INSERT INTO ORDERS VALUES (5, 7, 4, TO_DATE('15-01-1987', 'DD-MM-YYYY'), 104);
INSERT INTO ORDERS VALUES (6, 6, 2, TO_DATE('19-09-2000', 'DD-MM-YYYY'), 105);
INSERT INTO ORDERS VALUES (7, 4, 5, TO_DATE('19-09-1917', 'DD-MM-YYYY'), 106);

SELECT * FROM CUSTOMER ORDER BY CUSTOMERNAME;

SELECT * FROM ORDERS ORDER BY ORDERDATE;

SELECT * FROM EMPLOYEES WHERE BIRTHDATE > TO_DATE('31-12-1980', 'DD-MM-YYYY') ORDER BY BIRTHDATE DESC;

SELECT * FROM ORDERS WHERE CUSTOMERID IN (SELECT CUSTOMERID FROM CUSTOMER WHERE COUNTRY = 'USA');

SELECT CUSTOMERID, COUNT(*) AS TOTAL_ORDERS FROM ORDERS GROUP BY CUSTOMERID;

SELECT CITY, COUNT(*) AS TOTAL_CUSTOMERS FROM CUSTOMER GROUP BY CITY;

SELECT * FROM CUSTOMER WHERE CUSTOMERiD IN (SELECT CUSTOMERID FROM ORDERS GROUP BY CUSTOMERID HAVING COUNT(*) >= 2);

SELECT CITY FROM CUSTOMER GROUP BY CITY HAVING COUNT(*) >= 3;
